Date,Product,Category,Region,Units_Sold,Unit_Price,Revenue,Cost,Profit
01-01-2024,Headphones,Electronics,Central,472,2500,1180000,956650.93,223349.07
02-01-2024,Mobile,Electronics,South,665,25000,16625000,12598555.4,4026444.6
03-01-2024,Headphones,Electronics,West,950,2500,2375000,1842933.67,532066.33
04-01-2024,Oil,Grocery,South,867,180,156060,127666.82,28393.18
05-01-2024,Rice,Grocery,West,352,60,21120,17445.13,3674.87
06-01-2024,Mobile,Electronics,North,872,25000,21800000,14634191.19,7165808.81
07-01-2024,Shoes,Fashion,Central,927,3500,3244500,2115456.99,1129043.01
08-01-2024,TV,Electronics,East,768,40000,30720000,20002752.69,10717247.31
09-01-2024,Tablet,Electronics,Central,800,18000,14400000,10134959.46,4265040.54
10-01-2024,TV,Electronics,South,640,40000,25600000,18955146.26,6644853.74
11-01-2024,Tablet,Electronics,West,192,18000,3456000,2258755.74,1197244.26
12-01-2024,Shoes,Fashion,Central,712,3500,2492000,1939018.56,552981.44
13-01-2024,Rice,Grocery,West,762,60,45720,37817.38,7902.62
14-01-2024,Mobile,Electronics,East,247,25000,6175000,4455074.77,1719925.23
15-01-2024,TV,Electronics,East,710,40000,28400000,18592565.73,9807434.27
16-01-2024,Mobile,Electronics,West,798,25000,19950000,14826206.34,5123793.66
17-01-2024,Headphones,Electronics,South,670,2500,1675000,1271307.36,403692.64
18-01-2024,Tablet,Electronics,East,945,18000,17010000,11257949.74,5752050.26
19-01-2024,Shoes,Fashion,Central,519,3500,1816500,1543513.55,272986.45
20-01-2024,Mobile,Electronics,South,185,25000,4625000,3169235.75,1455764.25
21-01-2024,Mobile,Electronics,East,523,25000,13075000,8988258.49,4086741.51
22-01-2024,Refrigerator,Appliances,Central,341,35000,11935000,8512580.48,3422419.52
23-01-2024,TV,Electronics,East,523,40000,20920000,15390170.4,5529829.6
24-01-2024,Shoes,Fashion,North,783,3500,2740500,2238256.62,502243.38
25-01-2024,Oil,Grocery,South,1020,180,183600,123919.34,59680.66
26-01-2024,Shoes,Fashion,North,561,3500,1963500,1491920.33,471579.67
27-01-2024,Headphones,Electronics,South,550,2500,1375000,1004537.67,370462.33
28-01-2024,Laptop,Electronics,North,232,50000,11600000,8819077.53,2780922.47
29-01-2024,Oil,Grocery,North,720,180,129600,100470.4,29129.6
30-01-2024,Rice,Grocery,Central,523,60,31380,21086.35,10293.65
31-01-2024,Oil,Grocery,South,136,180,24480,20807.87,3672.13
01-02-2024,Headphones,Electronics,South,1086,2500,2715000,2212782.67,502217.33
02-02-2024,Oil,Grocery,East,223,180,40140,32784.87,7355.13
03-02-2024,Oil,Grocery,Central,106,180,19080,16074.95,3005.05
04-02-2024,Shirt,Fashion,Central,545,1200,654000,533566.28,120433.72
05-02-2024,Oil,Grocery,East,1096,180,197280,161104.64,36175.36
06-02-2024,Headphones,Electronics,West,1029,2500,2572500,2124293.97,448206.03
07-02-2024,TV,Electronics,North,785,40000,31400000,22951319.93,8448680.07
08-02-2024,Shirt,Fashion,Central,188,1200,225600,170021.11,55578.89
09-02-2024,Laptop,Electronics,South,250,50000,12500000,8409578.87,4090421.13
10-02-2024,Shoes,Fashion,South,915,3500,3202500,2203567.43,998932.57
11-02-2024,Laptop,Electronics,Central,361,50000,18050000,14350187.31,3699812.69
12-02-2024,Shirt,Fashion,South,712,1200,854400,589038.74,265361.26
13-02-2024,Shirt,Fashion,Central,1027,1200,1232400,839619.81,392780.19
14-02-2024,Headphones,Electronics,North,730,2500,1825000,1469463.15,355536.85
15-02-2024,Tablet,Electronics,Central,265,18000,4770000,3448362.14,1321637.86
16-02-2024,Washing Machine,Appliances,North,944,30000,28320000,20709741.45,7610258.55
17-02-2024,Refrigerator,Appliances,Central,304,35000,10640000,8122792.03,2517207.97
18-02-2024,Refrigerator,Appliances,South,75,35000,2625000,2049600.07,575399.93
19-02-2024,Mobile,Electronics,West,982,25000,24550000,18596415.72,5953584.28
20-02-2024,Headphones,Electronics,West,816,2500,2040000,1685245.16,354754.84
21-02-2024,Jeans,Fashion,North,70,2000,140000,117571.69,22428.31
22-02-2024,Mobile,Electronics,North,877,25000,21925000,18528107.08,3396892.92
23-02-2024,Headphones,Electronics,North,199,2500,497500,327476.54,170023.46
24-02-2024,Shoes,Fashion,South,1038,3500,3633000,2927190.65,705809.35
25-02-2024,Washing Machine,Appliances,North,141,30000,4230000,3218804.22,1011195.78
26-02-2024,TV,Electronics,West,1067,40000,42680000,31257902.94,11422097.06
27-02-2024,Laptop,Electronics,North,941,50000,47050000,31617218.81,15432781.19
28-02-2024,Refrigerator,Appliances,South,936,35000,32760000,27537696.8,5222303.2
29-02-2024,Mobile,Electronics,South,315,25000,7875000,6048490.14,1826509.86
01-03-2024,Rice,Grocery,East,511,60,30660,23609.64,7050.36
02-03-2024,Refrigerator,Appliances,East,75,35000,2625000,2146245.44,478754.56
03-03-2024,Laptop,Electronics,Central,1093,50000,54650000,38540118.56,16109881.44
04-03-2024,Mobile,Electronics,East,806,25000,20150000,14156014.64,5993985.36
05-03-2024,Refrigerator,Appliances,South,859,35000,30065000,25188054.55,4876945.45
06-03-2024,Refrigerator,Appliances,South,231,35000,8085000,5322299.4,2762700.6
07-03-2024,Mobile,Electronics,South,808,25000,20200000,16917471.3,3282528.7
08-03-2024,Shirt,Fashion,North,434,1200,520800,429202.05,91597.95
09-03-2024,Shoes,Fashion,South,845,3500,2957500,1973180.29,984319.71
10-03-2024,Shirt,Fashion,West,317,1200,380400,262219.18,118180.82
11-03-2024,Rice,Grocery,East,983,60,58980,42224.07,16755.93
12-03-2024,Refrigerator,Appliances,North,588,35000,20580000,15932621.07,4647378.93
13-03-2024,Shoes,Fashion,East,88,3500,308000,250707.51,57292.49
14-03-2024,Jeans,Fashion,North,578,2000,1156000,761606.36,394393.64
15-03-2024,Shoes,Fashion,South,405,3500,1417500,1084763.96,332736.04
16-03-2024,TV,Electronics,South,977,40000,39080000,27175849.41,11904150.59
17-03-2024,TV,Electronics,Central,326,40000,13040000,9118864.06,3921135.94
18-03-2024,Laptop,Electronics,Central,693,50000,34650000,29294880.75,5355119.25
19-03-2024,Shirt,Fashion,West,129,1200,154800,123071.85,31728.15
20-03-2024,Oil,Grocery,East,309,180,55620,36440.94,19179.06
21-03-2024,Tablet,Electronics,East,72,18000,1296000,946656.66,349343.34
22-03-2024,Mobile,Electronics,West,196,25000,4900000,3638043.31,1261956.69
23-03-2024,Shirt,Fashion,East,505,1200,606000,412956.22,193043.78
24-03-2024,Refrigerator,Appliances,Central,195,35000,6825000,5719521.56,1105478.44
25-03-2024,Oil,Grocery,South,472,180,84960,63699.88,21260.12
26-03-2024,Refrigerator,Appliances,East,388,35000,13580000,11346762.3,2233237.7
27-03-2024,TV,Electronics,North,1105,40000,44200000,36031791.84,8168208.16
28-03-2024,Headphones,Electronics,South,459,2500,1147500,891436.93,256063.07
29-03-2024,Washing Machine,Appliances,Central,1090,30000,32700000,25220643.06,7479356.94
30-03-2024,Shoes,Fashion,North,873,3500,3055500,2226239.73,829260.27
31-03-2024,Jeans,Fashion,Central,534,2000,1068000,757595.81,310404.19
01-04-2024,Refrigerator,Appliances,South,85,35000,2975000,2302632.85,672367.15
02-04-2024,TV,Electronics,South,777,40000,31080000,20547741.3,10532258.7
03-04-2024,Jeans,Fashion,West,639,2000,1278000,907488.63,370511.37
04-04-2024,Shirt,Fashion,Central,796,1200,955200,710262.85,244937.15
05-04-2024,TV,Electronics,North,175,40000,7000000,5397550.67,1602449.33
06-04-2024,Tablet,Electronics,South,651,18000,11718000,9380868.31,2337131.69
07-04-2024,Jeans,Fashion,West,680,2000,1360000,1044258.02,315741.98
08-04-2024,Jeans,Fashion,South,807,2000,1614000,1184222.01,429777.99
09-04-2024,Jeans,Fashion,Central,1008,2000,2016000,1622645.78,393354.22
10-04-2024,Oil,Grocery,South,376,180,67680,46222.07,21457.93
11-04-2024,Mobile,Electronics,West,872,25000,21800000,17774292.22,4025707.78
12-04-2024,Tablet,Electronics,South,603,18000,10854000,9075176.43,1778823.57
13-04-2024,Refrigerator,Appliances,South,1188,35000,41580000,32577764.33,9002235.67
14-04-2024,Laptop,Electronics,North,844,50000,42200000,33469535.15,8730464.85
15-04-2024,Washing Machine,Appliances,Central,1099,30000,32970000,23141155.72,9828844.28
16-04-2024,Jeans,Fashion,North,770,2000,1540000,1010405.86,529594.14
17-04-2024,Shoes,Fashion,Central,519,3500,1816500,1534016.48,282483.52
18-04-2024,Tablet,Electronics,West,523,18000,9414000,6712940.07,2701059.93
19-04-2024,Refrigerator,Appliances,West,420,35000,14700000,10143938.86,4556061.14
20-04-2024,Laptop,Electronics,Central,351,50000,17550000,12845392.17,4704607.83
21-04-2024,Shirt,Fashion,West,666,1200,799200,531240.38,267959.62
22-04-2024,Refrigerator,Appliances,North,1009,35000,35315000,27191927.36,8123072.64
23-04-2024,Mobile,Electronics,North,457,25000,11425000,9307804.58,2117195.42
24-04-2024,Tablet,Electronics,South,904,18000,16272000,13692053.57,2579946.43
25-04-2024,Laptop,Electronics,North,80,50000,4000000,3143524.42,856475.58
26-04-2024,Rice,Grocery,East,210,60,12600,9251.36,3348.64
27-04-2024,Laptop,Electronics,North,753,50000,37650000,27011081,10638919
28-04-2024,Refrigerator,Appliances,North,1094,35000,38290000,31757211.03,6532788.97
29-04-2024,Washing Machine,Appliances,East,986,30000,29580000,24518235.95,5061764.05
30-04-2024,Tablet,Electronics,West,426,18000,7668000,4990880.7,2677119.3
01-05-2024,TV,Electronics,West,1153,40000,46120000,32182173.48,13937826.52
02-05-2024,TV,Electronics,Central,465,40000,18600000,15554253.58,3045746.42
03-05-2024,Headphones,Electronics,South,491,2500,1227500,952984.59,274515.41
04-05-2024,TV,Electronics,West,288,40000,11520000,8113150.15,3406849.85
05-05-2024,Headphones,Electronics,South,1145,2500,2862500,2181216.2,681283.8
06-05-2024,Laptop,Electronics,South,685,50000,34250000,24102159.74,10147840.26
07-05-2024,Shoes,Fashion,West,873,3500,3055500,2541250.34,514249.66
08-05-2024,Shirt,Fashion,Central,278,1200,333600,218387.54,115212.46
09-05-2024,Shoes,Fashion,West,787,3500,2754500,1959714.52,794785.48
10-05-2024,Tablet,Electronics,South,120,18000,2160000,1461231.4,698768.6
11-05-2024,Headphones,Electronics,South,1113,2500,2782500,2333897.3,448602.7
12-05-2024,Oil,Grocery,West,203,180,36540,24490.87,12049.13
13-05-2024,Headphones,Electronics,East,1083,2500,2707500,1828341.44,879158.56
14-05-2024,TV,Electronics,East,385,40000,15400000,11687521.48,3712478.52
15-05-2024,Tablet,Electronics,South,157,18000,2826000,1981623.62,844376.38
16-05-2024,Washing Machine,Appliances,West,526,30000,15780000,11988629.88,3791370.12
17-05-2024,Shoes,Fashion,Central,438,3500,1533000,1259349.47,273650.53
18-05-2024,Headphones,Electronics,North,782,2500,1955000,1381108.02,573891.98
19-05-2024,Tablet,Electronics,West,85,18000,1530000,1039122.18,490877.82
20-05-2024,Jeans,Fashion,North,1076,2000,2152000,1561921.51,590078.49
21-05-2024,Rice,Grocery,North,396,60,23760,17951.57,5808.43
22-05-2024,Jeans,Fashion,West,515,2000,1030000,723832.85,306167.15
23-05-2024,Mobile,Electronics,South,1130,25000,28250000,21452286.13,6797713.87
24-05-2024,TV,Electronics,South,271,40000,10840000,8603157.77,2236842.23
25-05-2024,Shirt,Fashion,North,361,1200,433200,324955.76,108244.24
26-05-2024,Tablet,Electronics,East,1153,18000,20754000,14215592.92,6538407.08
27-05-2024,Laptop,Electronics,West,963,50000,48150000,38344242.79,9805757.21
28-05-2024,Jeans,Fashion,South,817,2000,1634000,1195983.7,438016.3
29-05-2024,Tablet,Electronics,Central,1167,18000,21006000,15410169.55,5595830.45
30-05-2024,Shoes,Fashion,West,590,3500,2065000,1711417.18,353582.82
31-05-2024,Shoes,Fashion,West,946,3500,3311000,2521372.02,789627.98
01-06-2024,Refrigerator,Appliances,West,190,35000,6650000,4914484.06,1735515.94
02-06-2024,Shoes,Fashion,West,809,3500,2831500,2327496.52,504003.48
03-06-2024,Shoes,Fashion,East,208,3500,728000,497565.02,230434.98
04-06-2024,Shoes,Fashion,West,288,3500,1008000,751643.1,256356.9
05-06-2024,Oil,Grocery,South,923,180,166140,122531.68,43608.32
06-06-2024,Tablet,Electronics,North,802,18000,14436000,10811851.79,3624148.21
07-06-2024,Shoes,Fashion,East,916,3500,3206000,2279512.36,926487.64
08-06-2024,Refrigerator,Appliances,Central,593,35000,20755000,14988340.21,5766659.79
09-06-2024,Shoes,Fashion,South,188,3500,658000,483848.42,174151.58
10-06-2024,Shoes,Fashion,South,598,3500,2093000,1584666.21,508333.79
11-06-2024,Oil,Grocery,North,434,180,78120,66278.3,11841.7
12-06-2024,TV,Electronics,Central,837,40000,33480000,24612788.7,8867211.3
13-06-2024,Rice,Grocery,North,58,60,3480,2855.15,624.85
14-06-2024,TV,Electronics,Central,697,40000,27880000,21208386.29,6671613.71
15-06-2024,Headphones,Electronics,South,471,2500,1177500,902541.46,274958.54
16-06-2024,Laptop,Electronics,South,192,50000,9600000,6990932.85,2609067.15
17-06-2024,Laptop,Electronics,West,497,50000,24850000,18892812.34,5957187.66
18-06-2024,Laptop,Electronics,Central,389,50000,19450000,12814459.67,6635540.33
19-06-2024,Laptop,Electronics,North,115,50000,5750000,4060723.73,1689276.27
20-06-2024,TV,Electronics,South,607,40000,24280000,18673564.95,5606435.05
21-06-2024,Oil,Grocery,East,557,180,100260,73706.97,26553.03
22-06-2024,Headphones,Electronics,Central,430,2500,1075000,875351.43,199648.57
23-06-2024,Headphones,Electronics,East,258,2500,645000,530703.34,114296.66
24-06-2024,Washing Machine,Appliances,Central,149,30000,4470000,3441798.58,1028201.42
25-06-2024,Jeans,Fashion,South,590,2000,1180000,954258.02,225741.98
26-06-2024,Laptop,Electronics,Central,57,50000,2850000,2150835.09,699164.91
27-06-2024,Laptop,Electronics,East,644,50000,32200000,26728915.77,5471084.23
28-06-2024,Tablet,Electronics,West,194,18000,3492000,2491315.1,1000684.9
29-06-2024,Shirt,Fashion,South,373,1200,447600,314393.26,133206.74
30-06-2024,Washing Machine,Appliances,North,222,30000,6660000,4864207.01,1795792.99
01-07-2024,Laptop,Electronics,South,869,50000,43450000,29343014.87,14106985.13
02-07-2024,Jeans,Fashion,East,903,2000,1806000,1428914.55,377085.45
03-07-2024,Refrigerator,Appliances,West,606,35000,21210000,17741864.54,3468135.46
04-07-2024,Rice,Grocery,South,227,60,13620,9651.42,3968.58
05-07-2024,Mobile,Electronics,West,253,25000,6325000,4174352.5,2150647.5
06-07-2024,Refrigerator,Appliances,Central,624,35000,21840000,17975477.93,3864522.07
07-07-2024,Shoes,Fashion,North,444,3500,1554000,1032574.52,521425.48
08-07-2024,Oil,Grocery,North,538,180,96840,65526.21,31313.79
09-07-2024,Washing Machine,Appliances,South,148,30000,4440000,3770262.16,669737.84
10-07-2024,Shoes,Fashion,South,394,3500,1379000,1074978.81,304021.19
11-07-2024,Washing Machine,Appliances,South,391,30000,11730000,9950538.64,1779461.36
12-07-2024,Oil,Grocery,North,264,180,47520,36295.89,11224.11
13-07-2024,Headphones,Electronics,Central,302,2500,755000,583626.6,171373.4
14-07-2024,Shoes,Fashion,West,679,3500,2376500,1702868.54,673631.46
15-07-2024,Washing Machine,Appliances,North,628,30000,18840000,13102599.98,5737400.02
16-07-2024,Rice,Grocery,East,726,60,43560,36755.62,6804.38
17-07-2024,Tablet,Electronics,West,588,18000,10584000,7455035.22,3128964.78
18-07-2024,Refrigerator,Appliances,East,370,35000,12950000,9954399.07,2995600.93
19-07-2024,Refrigerator,Appliances,West,741,35000,25935000,20306208.32,5628791.68
20-07-2024,Washing Machine,Appliances,North,1044,30000,31320000,23904086.13,7415913.87
21-07-2024,Rice,Grocery,Central,597,60,35820,25289.44,10530.56
22-07-2024,Refrigerator,Appliances,West,848,35000,29680000,22505755.99,7174244.01
23-07-2024,Jeans,Fashion,South,310,2000,620000,510245.66,109754.34
24-07-2024,Shoes,Fashion,South,143,3500,500500,336734.91,163765.09
25-07-2024,Refrigerator,Appliances,Central,338,35000,11830000,9025176.17,2804823.83
26-07-2024,Oil,Grocery,North,292,180,52560,35233.5,17326.5
27-07-2024,Laptop,Electronics,Central,259,50000,12950000,10221014.18,2728985.82
28-07-2024,Jeans,Fashion,North,160,2000,320000,222724.51,97275.49
29-07-2024,Jeans,Fashion,South,963,2000,1926000,1465478.92,460521.08
30-07-2024,Headphones,Electronics,West,1013,2500,2532500,1681351.23,851148.77
31-07-2024,TV,Electronics,North,171,40000,6840000,4777386.87,2062613.13
01-08-2024,Shoes,Fashion,East,408,3500,1428000,1070589.41,357410.59
02-08-2024,Washing Machine,Appliances,South,583,30000,17490000,13316160.01,4173839.99
03-08-2024,Rice,Grocery,South,418,60,25080,18408.7,6671.3
04-08-2024,TV,Electronics,South,655,40000,26200000,18808621.8,7391378.2
05-08-2024,Headphones,Electronics,Central,558,2500,1395000,1055533.59,339466.41
06-08-2024,Jeans,Fashion,South,718,2000,1436000,1071831.95,364168.05
07-08-2024,Shoes,Fashion,West,361,3500,1263500,963445.8,300054.2
08-08-2024,TV,Electronics,South,364,40000,14560000,11769009.65,2790990.35
09-08-2024,Washing Machine,Appliances,South,338,30000,10140000,7683155.06,2456844.94
10-08-2024,Jeans,Fashion,Central,368,2000,736000,508478.72,227521.28
11-08-2024,Shirt,Fashion,West,356,1200,427200,321931.31,105268.69
12-08-2024,Mobile,Electronics,North,1018,25000,25450000,18381320.48,7068679.52
13-08-2024,Oil,Grocery,South,177,180,31860,22433.26,9426.74
14-08-2024,Mobile,Electronics,North,320,25000,8000000,6622433.09,1377566.91
15-08-2024,Laptop,Electronics,Central,697,50000,34850000,25623847.84,9226152.16
16-08-2024,Laptop,Electronics,Central,260,50000,13000000,9861008.17,3138991.83
17-08-2024,Tablet,Electronics,Central,686,18000,12348000,8551502.97,3796497.03
18-08-2024,Headphones,Electronics,North,854,2500,2135000,1704225.47,430774.53
19-08-2024,Oil,Grocery,South,446,180,80280,62430.34,17849.66
20-08-2024,Rice,Grocery,East,170,60,10200,6800.98,3399.02
21-08-2024,Shoes,Fashion,South,586,3500,2051000,1513583.94,537416.06
22-08-2024,Tablet,Electronics,North,222,18000,3996000,2735186.14,1260813.86
23-08-2024,Washing Machine,Appliances,North,964,30000,28920000,22148630.73,6771369.27
24-08-2024,TV,Electronics,North,1074,40000,42960000,29831389.23,13128610.77
25-08-2024,Headphones,Electronics,South,639,2500,1597500,1281296.61,316203.39
26-08-2024,Shirt,Fashion,East,526,1200,631200,422058.44,209141.56
27-08-2024,Tablet,Electronics,South,1016,18000,18288000,13181399.56,5106600.44
28-08-2024,Mobile,Electronics,East,235,25000,5875000,4390949.97,1484050.03
29-08-2024,Shoes,Fashion,East,326,3500,1141000,873539.45,267460.55
30-08-2024,Rice,Grocery,Central,470,60,28200,19526,8674
31-08-2024,Laptop,Electronics,Central,559,50000,27950000,22614220.51,5335779.49
01-09-2024,Oil,Grocery,Central,806,180,145080,109617.36,35462.64
02-09-2024,TV,Electronics,North,376,40000,15040000,10586380,4453620
03-09-2024,Rice,Grocery,West,292,60,17520,11546.22,5973.78
04-09-2024,Oil,Grocery,North,655,180,117900,94297.14,23602.86
05-09-2024,Jeans,Fashion,North,259,2000,518000,378469.3,139530.7
06-09-2024,Rice,Grocery,South,365,60,21900,16869.49,5030.51
07-09-2024,Refrigerator,Appliances,Central,854,35000,29890000,21414241.56,8475758.44
08-09-2024,Oil,Grocery,East,583,180,104940,79519.02,25420.98
09-09-2024,TV,Electronics,East,1056,40000,42240000,30393019.32,11846980.68
10-09-2024,Tablet,Electronics,West,530,18000,9540000,7017564.81,2522435.19
11-09-2024,Oil,Grocery,Central,435,180,78300,59566.95,18733.05
12-09-2024,TV,Electronics,East,127,40000,5080000,4012879.78,1067120.22
13-09-2024,Jeans,Fashion,Central,482,2000,964000,809026.2,154973.8
14-09-2024,Refrigerator,Appliances,South,952,35000,33320000,27752130.72,5567869.28
15-09-2024,Shoes,Fashion,North,947,3500,3314500,2561035.44,753464.56
16-09-2024,Washing Machine,Appliances,West,792,30000,23760000,15570292.34,8189707.66
17-09-2024,Laptop,Electronics,South,847,50000,42350000,30512742.71,11837257.29
18-09-2024,Shirt,Fashion,North,948,1200,1137600,833824.67,303775.33
19-09-2024,Rice,Grocery,West,489,60,29340,20595.26,8744.74
20-09-2024,Oil,Grocery,North,546,180,98280,75583.44,22696.56
21-09-2024,Refrigerator,Appliances,South,1124,35000,39340000,25608499.3,13731500.7
22-09-2024,Jeans,Fashion,North,330,2000,660000,499861.92,160138.08
23-09-2024,Jeans,Fashion,East,957,2000,1914000,1324179.98,589820.02
24-09-2024,Laptop,Electronics,Central,836,50000,41800000,27653828.22,14146171.78
25-09-2024,Laptop,Electronics,North,79,50000,3950000,2832663.55,1117336.45
26-09-2024,Shoes,Fashion,East,970,3500,3395000,2462927.89,932072.11
27-09-2024,Oil,Grocery,East,292,180,52560,40609.08,11950.92
28-09-2024,Washing Machine,Appliances,South,1021,30000,30630000,22356576.46,8273423.54
29-09-2024,Oil,Grocery,North,1028,180,185040,137791.15,47248.85
30-09-2024,Mobile,Electronics,West,1090,25000,27250000,21623275.06,5626724.94
01-10-2024,Tablet,Electronics,South,372,18000,6696000,4864321.93,1831678.07
02-10-2024,Mobile,Electronics,Central,1006,25000,25150000,16713098.88,8436901.12
03-10-2024,Oil,Grocery,East,337,180,60660,50439.91,10220.09
04-10-2024,Oil,Grocery,Central,1119,180,201420,144434.35,56985.65
05-10-2024,Shirt,Fashion,North,133,1200,159600,124409.61,35190.39
06-10-2024,Jeans,Fashion,Central,1128,2000,2256000,1890349.94,365650.06
07-10-2024,Rice,Grocery,North,723,60,43380,35022.47,8357.53
08-10-2024,TV,Electronics,East,499,40000,19960000,13402840.94,6557159.06
09-10-2024,Shirt,Fashion,Central,1147,1200,1376400,938039.41,438360.59
10-10-2024,Headphones,Electronics,West,322,2500,805000,572073.35,232926.65
11-10-2024,Shirt,Fashion,North,264,1200,316800,223148.79,93651.21
12-10-2024,Washing Machine,Appliances,East,482,30000,14460000,11582675.59,2877324.41
13-10-2024,Oil,Grocery,South,924,180,166320,133242.32,33077.68
14-10-2024,TV,Electronics,South,974,40000,38960000,27214500.19,11745499.81
15-10-2024,Tablet,Electronics,North,1062,18000,19116000,13089710.19,6026289.81
16-10-2024,Jeans,Fashion,North,494,2000,988000,793621.01,194378.99
17-10-2024,Refrigerator,Appliances,North,1093,35000,38255000,27279970.47,10975029.53
18-10-2024,Refrigerator,Appliances,South,934,35000,32690000,24660446,8029554
19-10-2024,Mobile,Electronics,South,687,25000,17175000,14586224.61,2588775.39
20-10-2024,Rice,Grocery,East,312,60,18720,13869.2,4850.8
21-10-2024,TV,Electronics,West,162,40000,6480000,5305713.16,1174286.84
22-10-2024,Oil,Grocery,East,392,180,70560,49280.58,21279.42
23-10-2024,Jeans,Fashion,East,900,2000,1800000,1236915.59,563084.41
24-10-2024,Headphones,Electronics,West,124,2500,310000,245032.22,64967.78
25-10-2024,TV,Electronics,West,1021,40000,40840000,34381035.84,6458964.16
26-10-2024,Headphones,Electronics,South,669,2500,1672500,1320586.79,351913.21
27-10-2024,Jeans,Fashion,North,1147,2000,2294000,1545748.07,748251.93
28-10-2024,Tablet,Electronics,Central,1041,18000,18738000,13866624.2,4871375.8
29-10-2024,Oil,Grocery,West,123,180,22140,15659.25,6480.75
30-10-2024,Refrigerator,Appliances,East,844,35000,29540000,24157340.88,5382659.12
31-10-2024,Tablet,Electronics,West,632,18000,11376000,9496113.68,1879886.32
01-11-2024,Mobile,Electronics,Central,1098,25000,27450000,19513630.33,7936369.67
02-11-2024,Oil,Grocery,Central,980,180,176400,132667,43733
03-11-2024,TV,Electronics,Central,238,40000,9520000,7209291.72,2310708.28
04-11-2024,Shirt,Fashion,North,295,1200,354000,260869.54,93130.46
05-11-2024,Laptop,Electronics,Central,1110,50000,55500000,44226346.34,11273653.66
06-11-2024,Oil,Grocery,North,503,180,90540,76890.02,13649.98
07-11-2024,Refrigerator,Appliances,East,201,35000,7035000,5861814.26,1173185.74
08-11-2024,Laptop,Electronics,East,1056,50000,52800000,42327831.35,10472168.65
09-11-2024,Rice,Grocery,Central,1091,60,65460,51831.92,13628.08
10-11-2024,Washing Machine,Appliances,Central,1148,30000,34440000,26331990.3,8108009.7
11-11-2024,Washing Machine,Appliances,West,560,30000,16800000,13491378.9,3308621.1
12-11-2024,Mobile,Electronics,South,266,25000,6650000,5589122.23,1060877.77
13-11-2024,Shoes,Fashion,North,286,3500,1001000,709080.4,291919.6
14-11-2024,Shoes,Fashion,East,506,3500,1771000,1196003.79,574996.21
15-11-2024,Laptop,Electronics,North,1190,50000,59500000,48891146.62,10608853.38
16-11-2024,Headphones,Electronics,South,648,2500,1620000,1167485.05,452514.95
17-11-2024,Headphones,Electronics,East,412,2500,1030000,837693.99,192306.01
18-11-2024,Tablet,Electronics,West,748,18000,13464000,10825924.2,2638075.8
19-11-2024,Washing Machine,Appliances,Central,142,30000,4260000,3495398.8,764601.2
20-11-2024,Laptop,Electronics,North,472,50000,23600000,16272641.59,7327358.41
21-11-2024,Laptop,Electronics,Central,876,50000,43800000,37091693.64,6708306.36
22-11-2024,Tablet,Electronics,East,663,18000,11934000,9809554.56,2124445.44
23-11-2024,Washing Machine,Appliances,South,787,30000,23610000,18716746.87,4893253.13
24-11-2024,Oil,Grocery,West,1006,180,181080,127767.39,53312.61
25-11-2024,Washing Machine,Appliances,North,391,30000,11730000,7934342.24,3795657.76
26-11-2024,Tablet,Electronics,Central,542,18000,9756000,7266071.4,2489928.6
27-11-2024,Tablet,Electronics,West,588,18000,10584000,8762668.51,1821331.49
28-11-2024,Laptop,Electronics,West,371,50000,18550000,12669595.58,5880404.42
29-11-2024,Shirt,Fashion,South,217,1200,260400,177762.25,82637.75
30-11-2024,TV,Electronics,North,1010,40000,40400000,31086555.06,9313444.94
01-12-2024,Laptop,Electronics,Central,781,50000,39050000,30007094.32,9042905.68
02-12-2024,TV,Electronics,South,362,40000,14480000,11773564.85,2706435.15
03-12-2024,Tablet,Electronics,West,935,18000,16830000,11846702.38,4983297.62
04-12-2024,Oil,Grocery,West,537,180,96660,63438.65,33221.35
05-12-2024,Headphones,Electronics,West,842,2500,2105000,1704419.78,400580.22
06-12-2024,Shoes,Fashion,East,970,3500,3395000,2416500.69,978499.31
07-12-2024,Headphones,Electronics,East,468,2500,1170000,833132.76,336867.24
08-12-2024,Jeans,Fashion,Central,541,2000,1082000,731283.82,350716.18
09-12-2024,Laptop,Electronics,West,476,50000,23800000,17637854.7,6162145.3
10-12-2024,Rice,Grocery,South,66,60,3960,2612.52,1347.48
11-12-2024,Headphones,Electronics,East,248,2500,620000,496199.13,123800.87
12-12-2024,Shoes,Fashion,East,670,3500,2345000,1974037.87,370962.13
13-12-2024,Oil,Grocery,South,495,180,89100,61121.19,27978.81
14-12-2024,Laptop,Electronics,North,530,50000,26500000,21328611.69,5171388.31
15-12-2024,TV,Electronics,South,903,40000,36120000,27058259.87,9061740.13
16-12-2024,Jeans,Fashion,West,747,2000,1494000,1081408.92,412591.08
17-12-2024,Refrigerator,Appliances,North,250,35000,8750000,6318148.29,2431851.71
18-12-2024,Laptop,Electronics,East,120,50000,6000000,4838013.74,1161986.26
19-12-2024,Shirt,Fashion,North,578,1200,693600,516021.3,177578.7
20-12-2024,Oil,Grocery,South,453,180,81540,53972.7,27567.3
21-12-2024,Laptop,Electronics,North,469,50000,23450000,19702908.55,3747091.45
22-12-2024,Mobile,Electronics,Central,676,25000,16900000,11899377.72,5000622.28
23-12-2024,Shirt,Fashion,East,476,1200,571200,422304.92,148895.08
24-12-2024,Headphones,Electronics,North,597,2500,1492500,979487.21,513012.79
25-12-2024,Headphones,Electronics,South,663,2500,1657500,1203335.87,454164.13
26-12-2024,Jeans,Fashion,Central,351,2000,702000,461381.06,240618.94
27-12-2024,Mobile,Electronics,East,817,25000,20425000,14249956.99,6175043.01
28-12-2024,Headphones,Electronics,Central,977,2500,2442500,1656848.74,785651.26
29-12-2024,Mobile,Electronics,Central,815,25000,20375000,15456072.56,4918927.44
30-12-2024,Tablet,Electronics,Central,62,18000,1116000,830688.6,285311.4
31-12-2024,Headphones,Electronics,Central,926,2500,2315000,1563862.38,751137.62
01-01-2025,Oil,Grocery,North,941,180,169380,126226.1,43153.9
02-01-2025,Mobile,Electronics,North,337,25000,8425000,5626512.49,2798487.51
03-01-2025,Jeans,Fashion,West,100,2000,200000,141102.68,58897.32
04-01-2025,Shoes,Fashion,East,393,3500,1375500,1046293.39,329206.61
05-01-2025,Refrigerator,Appliances,West,212,35000,7420000,4932807.92,2487192.08
06-01-2025,Tablet,Electronics,North,79,18000,1422000,997835.34,424164.66
07-01-2025,Tablet,Electronics,East,463,18000,8334000,5619405.17,2714594.83
08-01-2025,Mobile,Electronics,West,405,25000,10125000,6969319.19,3155680.81
09-01-2025,Refrigerator,Appliances,East,66,35000,2310000,1728621.49,581378.51
10-01-2025,Washing Machine,Appliances,West,1041,30000,31230000,21213860.08,10016139.92
11-01-2025,Headphones,Electronics,South,353,2500,882500,719416.41,163083.59
12-01-2025,Headphones,Electronics,Central,722,2500,1805000,1254189.63,550810.37
13-01-2025,Rice,Grocery,North,1011,60,60660,43219.26,17440.74
14-01-2025,TV,Electronics,West,652,40000,26080000,17926396.18,8153603.82
15-01-2025,Jeans,Fashion,East,911,2000,1822000,1523869.02,298130.98
16-01-2025,Rice,Grocery,East,123,60,7380,5086.17,2293.83
17-01-2025,Mobile,Electronics,West,536,25000,13400000,10123348.46,3276651.54
18-01-2025,Laptop,Electronics,Central,693,50000,34650000,27515150.54,7134849.46
19-01-2025,Mobile,Electronics,Central,589,25000,14725000,11937508.77,2787491.23
20-01-2025,Refrigerator,Appliances,East,103,35000,3605000,2735294.06,869705.94
21-01-2025,TV,Electronics,South,705,40000,28200000,20073485.19,8126514.81
22-01-2025,Shoes,Fashion,North,304,3500,1064000,817577.2,246422.8
23-01-2025,Washing Machine,Appliances,East,857,30000,25710000,21033365.22,4676634.78
24-01-2025,Shoes,Fashion,Central,720,3500,2520000,1923742.45,596257.55
25-01-2025,Oil,Grocery,East,581,180,104580,82039.73,22540.27
26-01-2025,Oil,Grocery,Central,364,180,65520,43183.44,22336.56
27-01-2025,Tablet,Electronics,Central,933,18000,16794000,13534961.5,3259038.5
28-01-2025,Laptop,Electronics,Central,575,50000,28750000,20778419.24,7971580.76
29-01-2025,Jeans,Fashion,South,183,2000,366000,277114.05,88885.95
30-01-2025,Washing Machine,Appliances,West,584,30000,17520000,12269931.62,5250068.38
31-01-2025,TV,Electronics,West,646,40000,25840000,21353966.14,4486033.86
01-02-2025,Washing Machine,Appliances,North,561,30000,16830000,11961142.87,4868857.13
02-02-2025,Mobile,Electronics,South,101,25000,2525000,2030312.57,494687.43
03-02-2025,Headphones,Electronics,North,740,2500,1850000,1294419.78,555580.22
04-02-2025,Mobile,Electronics,South,704,25000,17600000,13932574.8,3667425.2
05-02-2025,Rice,Grocery,South,152,60,9120,7623.12,1496.88
06-02-2025,Rice,Grocery,South,326,60,19560,14793.26,4766.74
07-02-2025,TV,Electronics,South,354,40000,14160000,10618896.16,3541103.84
08-02-2025,Refrigerator,Appliances,Central,204,35000,7140000,5862502.57,1277497.43
09-02-2025,Tablet,Electronics,North,293,18000,5274000,4082137.25,1191862.75
10-02-2025,Shoes,Fashion,West,792,3500,2772000,2161919.48,610080.52
11-02-2025,Tablet,Electronics,East,900,18000,16200000,13676471.09,2523528.91
12-02-2025,Jeans,Fashion,East,442,2000,884000,728916.43,155083.57
13-02-2025,Refrigerator,Appliances,South,250,35000,8750000,6171922.27,2578077.73
14-02-2025,Shoes,Fashion,East,367,3500,1284500,1083619.51,200880.49
15-02-2025,Refrigerator,Appliances,West,592,35000,20720000,17038846.72,3681153.28
16-02-2025,TV,Electronics,Central,919,40000,36760000,31032596.24,5727403.76
17-02-2025,Oil,Grocery,Central,696,180,125280,102614.36,22665.64
18-02-2025,Tablet,Electronics,East,722,18000,12996000,9850657.18,3145342.82
19-02-2025,Rice,Grocery,Central,69,60,4140,2812.7,1327.3
20-02-2025,Oil,Grocery,South,1078,180,194040,128055.89,65984.11
21-02-2025,Refrigerator,Appliances,West,775,35000,27125000,20975878.17,6149121.83
22-02-2025,Shirt,Fashion,West,77,1200,92400,72971.83,19428.17
23-02-2025,Refrigerator,Appliances,South,374,35000,13090000,8811808.32,4278191.68
24-02-2025,Headphones,Electronics,Central,926,2500,2315000,1753167.61,561832.39
25-02-2025,Oil,Grocery,South,610,180,109800,74183.84,35616.16
26-02-2025,Refrigerator,Appliances,East,473,35000,16555000,11120052.32,5434947.68
27-02-2025,Washing Machine,Appliances,West,220,30000,6600000,4657658.62,1942341.38
28-02-2025,Laptop,Electronics,West,761,50000,38050000,26618844.37,11431155.63
01-03-2025,Washing Machine,Appliances,North,1131,30000,33930000,24087258.69,9842741.31
02-03-2025,Jeans,Fashion,South,818,2000,1636000,1384681.12,251318.88
03-03-2025,Mobile,Electronics,North,413,25000,10325000,7129468.63,3195531.37
04-03-2025,Tablet,Electronics,North,869,18000,15642000,11417042.74,4224957.26
05-03-2025,Refrigerator,Appliances,South,890,35000,31150000,23571984.59,7578015.41
06-03-2025,Rice,Grocery,North,211,60,12660,9898.03,2761.97
07-03-2025,Jeans,Fashion,West,248,2000,496000,323845.38,172154.62
08-03-2025,Mobile,Electronics,West,562,25000,14050000,10633835.69,3416164.31
09-03-2025,Headphones,Electronics,Central,1033,2500,2582500,2124890.08,457609.92
10-03-2025,Shirt,Fashion,West,933,1200,1119600,758220.32,361379.68
11-03-2025,Tablet,Electronics,North,679,18000,12222000,10057860.83,2164139.17
12-03-2025,Headphones,Electronics,East,957,2500,2392500,1669146.17,723353.83
13-03-2025,Jeans,Fashion,North,1125,2000,2250000,1675954.6,574045.4
14-03-2025,Shirt,Fashion,Central,665,1200,798000,553242.68,244757.32
15-03-2025,TV,Electronics,West,369,40000,14760000,10537292.37,4222707.63
16-03-2025,Jeans,Fashion,East,494,2000,988000,730979.83,257020.17
17-03-2025,Mobile,Electronics,North,448,25000,11200000,8862193.53,2337806.47
18-03-2025,Shoes,Fashion,West,878,3500,3073000,2298361.16,774638.84
19-03-2025,Jeans,Fashion,South,929,2000,1858000,1528587.45,329412.55
20-03-2025,Rice,Grocery,North,865,60,51900,41492.48,10407.52
21-03-2025,Oil,Grocery,East,83,180,14940,11899.05,3040.95
22-03-2025,Washing Machine,Appliances,West,312,30000,9360000,6458828.69,2901171.31
23-03-2025,Jeans,Fashion,North,750,2000,1500000,1072704.25,427295.75
24-03-2025,Washing Machine,Appliances,South,742,30000,22260000,17467220.48,4792779.52
25-03-2025,Laptop,Electronics,South,488,50000,24400000,16870433.41,7529566.59
26-03-2025,Shirt,Fashion,East,473,1200,567600,416750.88,150849.12
27-03-2025,Refrigerator,Appliances,West,710,35000,24850000,20490898.65,4359101.35
28-03-2025,Shirt,Fashion,West,343,1200,411600,324892.36,86707.64
29-03-2025,Headphones,Electronics,North,642,2500,1605000,1153678.14,451321.86
30-03-2025,Refrigerator,Appliances,Central,152,35000,5320000,3684680.92,1635319.08
31-03-2025,Headphones,Electronics,North,505,2500,1262500,1057594.29,204905.71
01-04-2025,Oil,Grocery,Central,830,180,149400,117507.55,31892.45
02-04-2025,TV,Electronics,North,213,40000,8520000,6770583.27,1749416.73
03-04-2025,Oil,Grocery,East,732,180,131760,89864.25,41895.75
04-04-2025,Washing Machine,Appliances,Central,955,30000,28650000,22383655.5,6266344.5
05-04-2025,Headphones,Electronics,Central,624,2500,1560000,1024197.72,535802.28
06-04-2025,Mobile,Electronics,West,403,25000,10075000,7989612.77,2085387.23
07-04-2025,Rice,Grocery,North,253,60,15180,11817.88,3362.12
08-04-2025,Tablet,Electronics,South,990,18000,17820000,13138278.5,4681721.5
09-04-2025,Mobile,Electronics,Central,949,25000,23725000,16260685.21,7464314.79
10-04-2025,Refrigerator,Appliances,Central,601,35000,21035000,17043244.39,3991755.61
11-04-2025,Washing Machine,Appliances,Central,904,30000,27120000,19569025.22,7550974.78
12-04-2025,Shoes,Fashion,North,489,3500,1711500,1244207.41,467292.59
13-04-2025,Washing Machine,Appliances,Central,619,30000,18570000,12442432.84,6127567.16
14-04-2025,Refrigerator,Appliances,Central,391,35000,13685000,9092412.05,4592587.95
15-04-2025,Tablet,Electronics,East,654,18000,11772000,9983469.23,1788530.77
16-04-2025,Jeans,Fashion,South,391,2000,782000,603835.3,178164.7
17-04-2025,Rice,Grocery,South,1088,60,65280,52784.59,12495.41
18-04-2025,Laptop,Electronics,West,426,50000,21300000,16423531.5,4876468.5
19-04-2025,Shoes,Fashion,Central,882,3500,3087000,2343092.7,743907.3
20-04-2025,TV,Electronics,West,1098,40000,43920000,34628426.75,9291573.25
21-04-2025,Laptop,Electronics,East,220,50000,11000000,9275691.27,1724308.73
22-04-2025,Laptop,Electronics,Central,976,50000,48800000,36426850.21,12373149.79
23-04-2025,Tablet,Electronics,South,307,18000,5526000,3760187.21,1765812.79
24-04-2025,TV,Electronics,West,492,40000,19680000,15735622.75,3944377.25
25-04-2025,Headphones,Electronics,North,146,2500,365000,308586.25,56413.75
26-04-2025,Oil,Grocery,West,1047,180,188460,132193.37,56266.63
27-04-2025,Washing Machine,Appliances,North,1047,30000,31410000,20994406.43,10415593.57
28-04-2025,Oil,Grocery,East,975,180,175500,131342.61,44157.39
29-04-2025,Washing Machine,Appliances,North,626,30000,18780000,13177599.72,5602400.28
30-04-2025,Laptop,Electronics,Central,477,50000,23850000,18224759.34,5625240.66
01-05-2025,Oil,Grocery,East,445,180,80100,64105.67,15994.33
02-05-2025,Shirt,Fashion,West,503,1200,603600,438037.02,165562.98
03-05-2025,Shirt,Fashion,East,1012,1200,1214400,842141.68,372258.32
04-05-2025,Washing Machine,Appliances,Central,433,30000,12990000,9360003.22,3629996.78
05-05-2025,Oil,Grocery,Central,436,180,78480,62027.86,16452.14
06-05-2025,Oil,Grocery,North,1193,180,214740,159712.41,55027.59
07-05-2025,Tablet,Electronics,West,256,18000,4608000,3849761.19,758238.81
08-05-2025,Shirt,Fashion,South,1107,1200,1328400,911266.94,417133.06
09-05-2025,Laptop,Electronics,East,833,50000,41650000,31930448.27,9719551.73
10-05-2025,Oil,Grocery,Central,563,180,101340,82436.9,18903.1
11-05-2025,Washing Machine,Appliances,Central,811,30000,24330000,18184399.31,6145600.69
12-05-2025,Rice,Grocery,South,737,60,44220,37505.47,6714.53
13-05-2025,Shirt,Fashion,North,341,1200,409200,336003.53,73196.47
14-05-2025,Refrigerator,Appliances,East,1203,35000,42105000,31817590.3,10287409.7
